arquitetura,tamanho_mb,n_clientes,min_s,medio_s,max_s,n_amostras
cs_single,5,1,1.5966,1.6263,1.6561,2
cs_single,5,2,0.0584,0.3222,0.5853,4
cs_single,5,5,0.0845,0.5852,1.6889,10
cs_single,50,1,0.6382,0.6975,0.7569,2
cs_single,50,2,0.1005,0.1298,0.1611,4
cs_single,50,5,0.1165,1.0169,3.8336,10
cs_threaded,5,1,0.0783,0.8311,1.5838,2
cs_threaded,5,2,0.0829,0.3405,0.6006,4
cs_threaded,5,5,0.1398,0.8316,3.6587,10
cs_threaded,50,1,0.0788,0.3314,0.5841,2
cs_threaded,50,2,0.0942,0.3871,0.6805,4
cs_threaded,50,5,0.1968,1.5394,3.9450,10
cs_pool,5,1,0.5897,2.0802,3.5708,2
cs_pool,5,2,0.0557,0.9508,1.6013,4
cs_pool,5,5,0.6337,2.7662,7.6990,10
cs_pool,50,1,0.1647,0.4137,0.6626,2
cs_pool,50,2,0.6384,0.9222,1.7237,4
cs_pool,50,5,0.1988,0.5353,0.8626,10
p2p,5,1,0.6263,0.6341,0.6418,2
p2p,5,2,0.6279,0.7664,1.1425,4
p2p,5,5,0.7080,0.7670,0.8108,10
p2p,50,1,0.6991,0.7023,0.7054,2
p2p,50,2,0.7675,0.9181,1.0593,4
p2p,50,5,1.0213,1.1444,1.2571,10
